state_code,state,scenario,period,tasmax_c
NGA.18265698,Abia,SSP1-1.9,2020-07,31.57
NGA.18265698,Abia,SSP2-4.5,2020-07,31.62
NGA.18265698,Abia,SSP3-7.0,2020-07,31.6
NGA.1822221,Abuja,SSP1-1.9,2020-07,32.89
NGA.1822221,Abuja,SSP2-4.5,2020-07,32.93
NGA.1822221,Abuja,SSP3-7.0,2020-07,32.87
NGA.1822211,Adamawa,SSP1-1.9,2020-07,33.68
NGA.1822211,Adamawa,SSP2-4.5,2020-07,33.72
NGA.1822211,Adamawa,SSP3-7.0,2020-07,33.65
NGA.1822212,Akwa Ibom,SSP1-1.9,2020-07,30.39
NGA.1822212,Akwa Ibom,SSP2-4.5,2020-07,30.43
NGA.1822212,Akwa Ibom,SSP3-7.0,2020-07,30.41
NGA.1822213,Anambra,SSP1-1.9,2020-07,32.14
NGA.1822213,Anambra,SSP2-4.5,2020-07,32.18
NGA.1822213,Anambra,SSP3-7.0,2020-07,32.15
NGA.18265699,Bauchi,SSP1-1.9,2020-07,33.05
NGA.18265699,Bauchi,SSP2-4.5,2020-07,33.08
NGA.18265699,Bauchi,SSP3-7.0,2020-07,33.03
NGA.18265700,Bayelsa,SSP1-1.9,2020-07,29.79
NGA.18265700,Bayelsa,SSP2-4.5,2020-07,29.85
NGA.18265700,Bayelsa,SSP3-7.0,2020-07,29.83
NGA.1822215,Benue,SSP1-1.9,2020-07,33.11
NGA.1822215,Benue,SSP2-4.5,2020-07,33.16
NGA.1822215,Benue,SSP3-7.0,2020-07,33.11
NGA.1822216,Borno,SSP1-1.9,2020-07,35.42
NGA.1822216,Borno,SSP2-4.5,2020-07,35.47
NGA.1822216,Borno,SSP3-7.0,2020-07,35.4
NGA.1822217,Cross River,SSP1-1.9,2020-07,31.34
NGA.1822217,Cross River,SSP2-4.5,2020-07,31.39
NGA.1822217,Cross River,SSP3-7.0,2020-07,31.36
NGA.1822218,Delta,SSP1-1.9,2020-07,30.85
NGA.1822218,Delta,SSP2-4.5,2020-07,30.91
NGA.1822218,Delta,SSP3-7.0,2020-07,30.87
NGA.18265701,Ebonyi,SSP1-1.9,2020-07,32.83
NGA.18265701,Ebonyi,SSP2-4.5,2020-07,32.87
NGA.18265701,Ebonyi,SSP3-7.0,2020-07,32.84
NGA.1822219,Edo,SSP1-1.9,2020-07,31.45
NGA.1822219,Edo,SSP2-4.5,2020-07,31.5
NGA.1822219,Edo,SSP3-7.0,2020-07,31.46
NGA.18265702,Ekiti,SSP1-1.9,2020-07,30.95
NGA.18265702,Ekiti,SSP2-4.5,2020-07,30.99
NGA.18265702,Ekiti,SSP3-7.0,2020-07,30.95
NGA.18265703,Enugu,SSP1-1.9,2020-07,32.11
NGA.18265703,Enugu,SSP2-4.5,2020-07,32.15
NGA.18265703,Enugu,SSP3-7.0,2020-07,32.11
NGA.18265704,Gombe,SSP1-1.9,2020-07,34.07
NGA.18265704,Gombe,SSP2-4.5,2020-07,34.1
NGA.18265704,Gombe,SSP3-7.0,2020-07,34.05
NGA.1822222,Imo,SSP1-1.9,2020-07,31.65
NGA.1822222,Imo,SSP2-4.5,2020-07,31.7
NGA.1822222,Imo,SSP3-7.0,2020-07,31.67
NGA.1822223,Jigawa,SSP1-1.9,2020-07,34.57
NGA.1822223,Jigawa,SSP2-4.5,2020-07,34.59
NGA.1822223,Jigawa,SSP3-7.0,2020-07,34.56
NGA.1822224,Kaduna,SSP1-1.9,2020-07,31.47
NGA.1822224,Kaduna,SSP2-4.5,2020-07,31.5
NGA.1822224,Kaduna,SSP3-7.0,2020-07,31.45
NGA.1822225,Kano,SSP1-1.9,2020-07,33.06
NGA.1822225,Kano,SSP2-4.5,2020-07,33.08
NGA.1822225,Kano,SSP3-7.0,2020-07,33.04
NGA.1822226,Katsina,SSP1-1.9,2020-07,33.16
NGA.1822226,Katsina,SSP2-4.5,2020-07,33.18
NGA.1822226,Katsina,SSP3-7.0,2020-07,33.15
NGA.1822227,Kebbi,SSP1-1.9,2020-07,34.93
NGA.1822227,Kebbi,SSP2-4.5,2020-07,34.97
NGA.1822227,Kebbi,SSP3-7.0,2020-07,34.92
NGA.1822228,Kogi,SSP1-1.9,2020-07,32.83
NGA.1822228,Kogi,SSP2-4.5,2020-07,32.87
NGA.1822228,Kogi,SSP3-7.0,2020-07,32.82
NGA.1822229,Kwara,SSP1-1.9,2020-07,33.42
NGA.1822229,Kwara,SSP2-4.5,2020-07,33.45
NGA.1822229,Kwara,SSP3-7.0,2020-07,33.42
NGA.1822230,Lagos,SSP1-1.9,2020-07,29.42
NGA.1822230,Lagos,SSP2-4.5,2020-07,29.49
NGA.1822230,Lagos,SSP3-7.0,2020-07,29.44
NGA.18265705,Nassarawa,SSP1-1.9,2020-07,33.15
NGA.18265705,Nassarawa,SSP2-4.5,2020-07,33.19
NGA.18265705,Nassarawa,SSP3-7.0,2020-07,33.15
NGA.1822231,Niger,SSP1-1.9,2020-07,33.81
NGA.1822231,Niger,SSP2-4.5,2020-07,33.85
NGA.1822231,Niger,SSP3-7.0,2020-07,33.8
NGA.1822232,Ogun,SSP1-1.9,2020-07,31.03
NGA.1822232,Ogun,SSP2-4.5,2020-07,31.08
NGA.1822232,Ogun,SSP3-7.0,2020-07,31.04
NGA.18265706,Ondo,SSP1-1.9,2020-07,30.69
NGA.18265706,Ondo,SSP2-4.5,2020-07,30.75
NGA.18265706,Ondo,SSP3-7.0,2020-07,30.69
NGA.1822234,Osun,SSP1-1.9,2020-07,30.91
NGA.1822234,Osun,SSP2-4.5,2020-07,30.96
NGA.1822234,Osun,SSP3-7.0,2020-07,30.92
NGA.1822235,Oyo,SSP1-1.9,2020-07,32.21
NGA.1822235,Oyo,SSP2-4.5,2020-07,32.25
NGA.1822235,Oyo,SSP3-7.0,2020-07,32.22
NGA.18265707,Plateau,SSP1-1.9,2020-07,32.21
NGA.18265707,Plateau,SSP2-4.5,2020-07,32.25
NGA.18265707,Plateau,SSP3-7.0,2020-07,32.19
NGA.18265708,Rivers,SSP1-1.9,2020-07,30.42
NGA.18265708,Rivers,SSP2-4.5,2020-07,30.48
NGA.18265708,Rivers,SSP3-7.0,2020-07,30.45
NGA.18265709,Sokoto,SSP1-1.9,2020-07,35.55
NGA.18265709,Sokoto,SSP2-4.5,2020-07,35.58
NGA.18265709,Sokoto,SSP3-7.0,2020-07,35.53
NGA.1822239,Taraba,SSP1-1.9,2020-07,32.62
NGA.1822239,Taraba,SSP2-4.5,2020-07,32.66
NGA.1822239,Taraba,SSP3-7.0,2020-07,32.62
NGA.1822240,Yobe,SSP1-1.9,2020-07,35.18
NGA.1822240,Yobe,SSP2-4.5,2020-07,35.22
NGA.1822240,Yobe,SSP3-7.0,2020-07,35.17
NGA.18265710,Zamfara,SSP1-1.9,2020-07,33.91
NGA.18265710,Zamfara,SSP2-4.5,2020-07,33.93
NGA.18265710,Zamfara,SSP3-7.0,2020-07,33.9
